id,title,current_topics,rule_relevance,rule_crime_types,rule_confidence,manual_relevance,manual_crime_types,notes
b7740bd790c66b7aba81128ddd601b66b1b9ee6752d2da0b957d501b8fd04847,Police arrest driver after fleeing scene of intimate partner violence in East Ferris,crime,core_street_crime,violent_crime|criminal_justice,0.85,,,
f9ce660b0960f19d36bf1098ec72535defdf49c4349b815f003750fa2774cf12,"NBPS seizes lethal fentanyl doses, cocaine, and weapons",crime|local_news,core_street_crime,drug_crime,0.90,,,
30a57393b6aa8bd9a1553768274dfdff6d237cede5905ca4abce045c6d963882,"$3,500 in booze stolen from Huntsville liquor store",crime|local_news,core_street_crime,property_crime,0.85,,,
28bc0c68cf41ae13a8da9b4fb7530573ea99e88f91b54ceda68fee5876d94da7,"Police charge Toronto man with arson, victim in life-threatening condition",,core_street_crime,property_crime,0.80,,,
e4cabac7f1aba71471a82c7b41619ee3a2d1ed1e78e89a273dda126ab45b7e57,Toronto man accused of sex assault at massage clinic faces second charge,,core_street_crime,violent_crime,0.90,,,
50ec8f1f38e65ff79fea4631a63b43931a40535af7d18b827160e3b31aed6fd3,Niagara area Child Sexual Exploitation Investigation leads to arrest of North Bay man,automotive|technology|criminal_justice|local_news,core_street_crime,violent_crime|criminal_justice,0.90,,,
6e9550738086ebb98662f1cc163195d8eb829b025abfa7d5095eaa70d522991d,"Mother charged with murder after 10-year-old child found dead in Barrie, Ont.: police",violent_crime|real_estate,core_street_crime,violent_crime|criminal_justice,0.95,,,
6d7c3fa41f2f0082a72b4f6779e1b4faa7b303d1c15fb7a60d3414befa9bcf1a,"Ont. senior accused of triple shooting murder-suicide, ex-partner seriously injured",violent_crime,core_street_crime,violent_crime,0.95,,,
b77792b5643ac1457353f7ee60bc92ea8b9ca26c870234b3c9700f1dc97a670c,Federal and state officials both claim moral high ground in immigration crackdown after shooting,violent_crime|real_estate|health|criminal_justice|local_news,core_street_crime,violent_crime,0.90,,,
6b75f24337470b53df7968fc1c1ed70b2f8698e96c01211a0a7914ee2c63404e,More charges laid in North Bay December shooting,violent_crime|drug_crime|automotive|criminal_justice|local_news,core_street_crime,violent_crime,0.90,,,
42b622f89a6f5d287c2be1a5d514b7e74958e4da19af8669a648dec56fb94a46,Impaired driver charged after pickup truck crashes on Highway 11 in Powassan,automotive|criminal_justice,core_street_crime,violent_crime,0.80,,,
e0e7ea48bc87fb4450c4f9de470abc8918f4c2b0103e72947de1000e19d4c60c,"One dead, one injured in overnight shooting in London, Ont.",violent_crime,core_street_crime,violent_crime,0.90,,,
344efd7693ca91e629d534a20d738507c98e70a1d97fcecdb3a57c58eb489c87,Local man facing attempted murder charge against woman,violent_crime|criminal_justice|local_news,core_street_crime,violent_crime,0.95,,,
6d857928f76243cc43a0244ea3a95bb306596c0d33aac3a7cea60add0b13e620,Man charged in elderly woman's death evaded police for months before alleged murder,violent_crime|criminal_justice,core_street_crime,violent_crime|criminal_justice,0.95,,,
94edf550efcbe7753bb971e2bcef36c114d99e78c4c49d4d3be7d7b6a7bd70f5,"Woman struck by two vehicles in hit-and-run dies, one suspect charged: Toronto police",,core_street_crime,violent_crime|criminal_justice,0.85,,,
38a1660d64d74c269897c6e732e074cf1bb10625f1b3b524867ad0834a58521c,Toronto Police make sexual assault and confinement arrest in city's west end,,core_street_crime,violent_crime|criminal_justice,0.90,,,
d3f0a9b7f17ec6a43f677eb3bce6ee8506e98fc9278c2f9f9200bcc6b3268f5c,Young girl identified as victim who died after shootout involving police in Nunavik,,core_street_crime,violent_crime,0.90,,,
8fff9fdeb18fae9f2a8a2df0bb14aa67e695ae51dba910dd1fcca6147e5bb915,'We lost a young man': RCMP still search for suspects in Sask First Nation shooting,,core_street_crime,violent_crime,0.90,,,
f493a32c979542aa50a4d276fd2560e8c0b4050c72d37c695f505547bfbff1f3,"Human remains found in community east of North Bay, Ont., police say",local_news,core_street_crime,violent_crime,0.80,,,
0594e06a7c6b4af7659e74ea0d6540c772dbfdfacfe59c3d487636cfc08ddd51,Man accused of setting tent on fire while victim inside now charged with murder,,core_street_crime,violent_crime|criminal_justice,0.95,,,
c78832de546b98a169081e03ddeed5f03f4e295a54e54c0c0287f411358f60ab,"Three men charged with murder after fatal shooting in Brampton, Ont.: Peel police",crime,core_street_crime,violent_crime|criminal_justice,0.95,,,
e35c23f01d134b86103195a9de760378642ccbed42b3ebff728694c7e81d4c66,OPP investigating after human remains found in rural northern township,local_news,core_street_crime,violent_crime,0.80,,,
ce5a081c03d2afd5740dd4a226d01959a91bb924e14f4a85f59d93d49bbacb07,Man accused of sexual assault on Whitefish Island no stranger to court,violent_crime|drug_crime|property_crime|automotive|criminal_justice|local_news|shopping,core_street_crime,violent_crime,0.90,,,
889ef38e7842bd904edce880dc149a640d6bfab91969cfb9833ff008e68dcd73,Two women charged in violent east-end assault that sent victim to hospital,,core_street_crime,violent_crime|criminal_justice,0.85,,,
9ccfe64d77415c2ee5c7536281c6a5bcc7ff407a3e8875f6c2bd8b792fa5e7fb,Two from Espanola rounded up in multi-city cocaine bust,,core_street_crime,drug_crime,0.90,,,
53c6874b71d8e0c278aa26ffae03a94463a0671f7bd6ca3281f0b7cc26229b40,Police arrest suspect in summer sexual assault investigation,crime,core_street_crime,violent_crime|criminal_justice,0.90,,,
7eac9a8f40404b47317736e59b59d4fbfc4b572ee05242060b6baf90c8327c78,Trial hears murder suspect was calm and cooperative after his arrest,violent_crime|drug_crime|real_estate|automotive|health|criminal_justice|home_garden|shopping,core_street_crime,violent_crime|criminal_justice,0.95,,,
1a5dda512d62fed6f8f99cf653b760c967337fcd3024ceec83400f29287b2c49,Toronto man accused of sex assault at massage clinic faces second charge,,core_street_crime,violent_crime,0.90,,,
43e71e5adbe669760f7914d931a22d8aaadfb2aa4ce41a3a3338136b6c1d8ea1,"Police charge Toronto man with arson, victim in life-threatening condition",,core_street_crime,property_crime,0.80,,,
77fafa9d6ec676b602610f1ae3a6931b87d686349fb449399225394d3295a828,"Man arrested, second suspect wanted in Oshawa, Ont., fatal stabbing",crime,core_street_crime,violent_crime|criminal_justice,0.90,,,
0f9cb90cd9a52b6c15e4e5a4428cdf82d8b8b7da2ba2950600bd408afc37d05c,"Man, 20, dead after shooting near University of Toronto campus: police",,core_street_crime,violent_crime,0.90,,,
5bc035e114002d8418a9413499ae7ba50124d318ae3cf51af5b4e4a1dea0d01b,"Human remains found in community east of Mattawa, police say",local_news,core_street_crime,violent_crime,0.80,,,
fbe85748e83bd3ec2316e0629cd803b5ebe1f81a372e0ad309628a67537c7f19,Toronto Police make sexual assault and confinement arrest in city's west end,,core_street_crime,violent_crime|criminal_justice,0.90,,,
a16a139eb0c24326bf29454da591a4e3689e6e628aa1d1469d96530c683f8ef8,"Woman struck by two vehicles in hit-and-run dies, one suspect charged: Toronto police",,core_street_crime,violent_crime|criminal_justice,0.85,,,
7faa2b5f071fed49d36152544e140938c89f25f05b6a72314e37506c6927f084,"Man, 18, arrested in two unprovoked stabbings in Toronto: police",violent_crime|criminal_justice,core_street_crime,violent_crime|criminal_justice,0.90,,,
da1908ec5d60e148ddaa785f6111a63e1a5a98ee102c10f5513d78aca7cbebcb,"Six killed in Mississippi, suspect charged with murder",violent_crime,core_street_crime,violent_crime|criminal_justice,0.95,,,
b45588f7c5a76e2286a18c983bae6e50eac5f08b7c23fbac555263834c4ebbc2,"Second suspect charged with murder in fatal Oshawa, Ont., stabbing: police",violent_crime|automotive|criminal_justice,core_street_crime,violent_crime|criminal_justice,0.95,,,
553304db2e2302d14d7e4a6c9d9f4527ba2a4b6af153bc9a0d7229efae99ea3d,"New video of fatal Minnesota ICE shooting, from officer's perspective, brings fresh scrutiny",violent_crime|politics|automotive|education|criminal_justice|local_news,core_street_crime,violent_crime,0.90,,,
074de1205927831bfde71a83199c25f28a41dc2f324a9e35b1c6f7e48fbf25d1,Carson Pileggi,local_news,core_street_crime,property_crime,0.80,,,
5960688138c2e459d3ed36785f1f8b04191b74061474ed8699659aaa4e7df296,Arrest warrant leads to drug seizure for 42-year-old,drug_crime|criminal_justice|local_news,core_street_crime,drug_crime|criminal_justice,0.90,,,
ac94c71cf411e4d8af98c8e503ef450ded4bb37b1ae0e93d3392df8e1c7c05c2,Driver charged with impaired driving after collision,automotive|criminal_justice,core_street_crime,violent_crime,0.80,,,
27b82acae5443e65073bc3c12665c6b4a97f6de2313bf82cd6fb0eae8192aa94,'We lost a young man': RCMP still search for suspects in Sask First Nation shooting,,core_street_crime,violent_crime,0.90,,,
74ea03bf6edb3a3f2dbf34035bb115dd99fe23eb613485d788878ce9e880052e,Young girl identified as victim who died after shootout involving police in Nunavik,,core_street_crime,violent_crime,0.90,,,
3cea1239d6ed4f7dd31c2b85b0177eabd645f7035a88791df2e11a67c36a4619,Man accused of setting tent on fire while victim inside now charged with murder,,core_street_crime,violent_crime|criminal_justice,0.95,,,
3ff5ae900039ffca4198d650e1e112afe3c4bce82fa32a0a03f4abc92a4f7bd8,"Human remains found in community east of North Bay, Ont., police say",local_news,core_street_crime,violent_crime,0.80,,,
5f318ed95f94398864272517b7263e1009658268f89223ef6dd6623bcc9e6c6d,"Three men charged with murder after fatal shooting in Brampton, Ont.: Peel police",crime,core_street_crime,violent_crime|criminal_justice,0.95,,,
d343e57880356ad693cc39b7ea22bdc99c65e6ea148dcb4b135e1254ce2fd0db,Man in custody for murder of 67-year-old Sudbury woman,,core_street_crime,violent_crime,0.95,,,
22dba48708b3c42f1354588adb960860f6e72c0a469043fefa119eaafe8767f8,Multiple sexual assaults reported after drinks spiked at illegal downtown bar: GSPS,local_news,core_street_crime,violent_crime,0.90,,,
6fb02255dba2fb8d0f053c180c2d93c2d31f2f2879fe27b9126297eda3fb12a5,"B.C. homicides put gay dating apps in spotlight, as advocates, police warn of risks",violent_crime|lifestyle|real_estate|technology|science|criminal_justice|local_news|home_garden|gaming,core_street_crime,violent_crime,0.95,,,
22f529139f63f812e44f3ca36064e305a5df6b4c92d662555f01eb78f8132aaa,Federal and state officials both claim moral high ground in immigration crackdown after shooting,violent_crime|real_estate|health|criminal_justice|local_news,core_street_crime,violent_crime,0.90,,,
22f7db5a9741a001af929f9bddb31cc8afe183d6e7bbb987dab899c8b44f73fa,"One dead, one injured in overnight shooting in London, Ont.",violent_crime,core_street_crime,violent_crime,0.90,,,
2f98cce0bbc689407ab62686aea10387dda03578d147239666dc04381df45ec8,"Police arrest two, seize $31K in drugs from Demorest Ave. apartment",drug_crime|real_estate|criminal_justice,core_street_crime,drug_crime|criminal_justice,0.90,,,
2d29b3209879e0128f62c24822de76f44212af9ab462a01506e2a19843dda3a2,Man charged with first-degree murder in Toronto bus shooting: police,violent_crime,core_street_crime,violent_crime|criminal_justice,0.95,,,
5113f6cd4c6b5485e8989cf6e9c1728826fb5facd27aaf3d835ef0fbfd6ec15a,Man charged with murder in fatal shooting of international student on U of T campus,violent_crime|education|criminal_justice|local_news,core_street_crime,violent_crime|criminal_justice,0.95,,,
0bfd6db907fd10951e2465ec1aad6a8602db88b743feea883b9913ae11e89b48,Man charged in elderly woman's death evaded police for months before alleged murder,violent_crime|criminal_justice,core_street_crime,violent_crime|criminal_justice,0.95,,,
95f88eed2d077845957ce5b3df1c7ac8f779522fb731e243d618a1d0f583e496,Police seek suspect in downtown Sudbury knife attack,violent_crime|food|local_news,core_street_crime,violent_crime,0.90,,,
ff87f3188c80d20cd4705d21dfcc2694d829b62e091b7df2f650abf6eca8bb05,Two teens arrested in connection with First Nation double homicide in northern Quebec,violent_crime|criminal_justice|local_news,core_street_crime,violent_crime|criminal_justice,0.95,,,
33f19d1bfc7da3e1448835501dafc1509779aed3191c5356af6ba62b2e2d5514,Officers' alleged assault on lawyer at Oshawa courthouse referred to York police,violent_crime|criminal_justice,core_street_crime,violent_crime,0.85,,,
7807b2ed4d685bb5b7a9917c643b6cea4c6856a609a688138d1d9944ec40d716,"Police allege Garson man was drunk, driving a stolen vehicle",property_crime|automotive|criminal_justice,core_street_crime,property_crime,0.80,,,
9cd75ea93b02430bd4983675658917b6b02154c455a92d03f5557e9da44445b3,‘Dances With Wolves’ actor Nathan Chasing Horse convicted on sexual assault charges,violent_crime|entertainment|criminal_justice,core_street_crime,violent_crime|criminal_justice,0.90,,,
a3e8b0125337f352759a3a6103468a5ed2f0429c8fcd1084e18c00b1e8ed9546,"In the news today: Canada's role in Ukrainian peace, Pipeline asks, Nunavik shooting",violent_crime|politics|criminal_justice,peripheral_crime,violent_crime,0.50,,,
636a86b5a9ab4e42461fb72abcec9806fe04e39a640856a7aeca384d9d70654f,West Nipissing woman charged with impaired driving and probation violation,automotive|criminal_justice,peripheral_crime,criminal_justice,0.70,,,
96be087d892239229f4d7b77e4985bf72b56994ca7aa157bd108a4b2340d53a2,Impaired driving charge laid on sledder by OPP patrol on Lake Nipissing,automotive|criminal_justice,peripheral_crime,criminal_justice,0.70,,,
fec057459a5a8d1c68c25fb088a8b2cb3fe72a3f780ddb195c1f59cdd93e215d,NBA postpones Timberwolves-Warriors game in Minneapolis after fatal shooting by federal officer,violent_crime|sports|local_news|gaming,peripheral_crime,violent_crime,0.65,,,
64a9ec9dd1d78ef49ace08b35d9c861f26908e3363070f61afaa74c30bb3ec09,Israel recovers the last hostage's remains in Gaza. Ceasefire moves into tricky new phase,violent_crime|politics|lifestyle|health|criminal_justice|local_news,peripheral_crime,violent_crime,0.65,,,
7155995863cc474cd74aebbdbd7bffdfcb821563937fc805a3461d86b4535573,"At least 6,126 people killed in Iran’s crackdown on nationwide protests, activists say",violent_crime,peripheral_crime,,0.50,,,
7af10d4456b3fd7314ca85b2e1002ef906452def19ca33a2995485a6704c2fed,16 Impaired Driving Charges laid by NBPS during Festive R.I.D.E. Campaign,automotive|education|local_news,peripheral_crime,criminal_justice,0.70,,,
3559ed3fcb70818f74e598beba81bbadb03145c8b40882cd32e99807391d83b6,Shooting involving Border Patrol leaves 1 in critical condition near US-Mexico border,violent_crime|local_news,peripheral_crime,violent_crime,0.65,,,
c58b53e0e855b8d7602f44ea012ee5a58a2c2fc1f0fc894d6f8668ee91a92cd7,Some alcohol prices in Ontario could rise in the new year,politics|shopping,peripheral_crime,,0.50,,,
e09452f4a50601a7a39333bcf0a5cba660d230d6c404f6f1b4027b2a48352728,Public Health reports spike in invasive bacterial infections,,peripheral_crime,,0.50,,,
ecd5df051ecc5bf1fc9fa84e5edc9aaa09e1ed6e34e26afe02cb006d4efdd88f,"Palestinian man kills 2 in car-ramming and stabbing attack in northern Israel, police say",local_news,peripheral_crime,violent_crime,0.65,,,
bb0cffc7ef5c971026c513f3ce3943f059a8d7168ed5a66c3059d5f71d17d347,VIDEO: Penalties for impaired driving just got tougher — will it make any difference?,automotive|local_news,peripheral_crime,criminal_justice,0.70,,,
f8803040346412ef5ffb59c5bc66727eea12967cee3e8aa4f08f41605b8ec882,Large rally pushes against ICE presence after fatal shooting in Minneapolis,local_news,peripheral_crime,violent_crime,0.65,,,
5496b1db5ac8208cfc525457594abd03b576c00b7305d45bf6de156695bd9994,Impaired driving jumped by 17% in Greater Sudbury last year,drug_crime|automotive|local_news,peripheral_crime,criminal_justice,0.70,,,
1b623b3d1248ad9965c8e7fa8cc498d0c36af519788c18fe733ed391b560541b,"In the news today: Canada's role in Ukrainian peace, Pipeline asks, Nunavik shooting",violent_crime|politics|criminal_justice,peripheral_crime,violent_crime,0.50,,,
345bf6c6442151eb82ea8739842602ea437e408ecf016d0b3d87f9dbad5804ce,Sudbury police arrest two motorists for impaired driving,crime|automotive,peripheral_crime,criminal_justice,0.70,,,
29809e4ce5bed1d1de021a4faf675c3bd569822d9d40a9107506282931d1cfb0,"In the news today: Parliament returns, Toronto storm, Senators whip Golden Knights",politics|business|education|weather,peripheral_crime,,0.50,,,
0431b33bde3c677a2affbf604188d8ffae772007e4fcdff8669811befff12eab,"At least 6,126 people killed in Iran’s crackdown on nationwide protests, activists say",violent_crime,peripheral_crime,,0.50,,,
b8ccb6239d2cc71e2e855ea4d698dc3ffea2d9c8033a06b53bb38a6b7f3469fc,Israel recovers the last hostage's remains in Gaza. Ceasefire moves into tricky new phase,violent_crime|politics|lifestyle|health|criminal_justice|local_news,peripheral_crime,violent_crime,0.65,,,
07dc3590110e6f100b4996d9cd7108b23244e67da188e4d2a1a13870156394c9,NBA game in Minneapolis between Warriors and Timberwolves postponed after ICE shooting,sports|gaming,peripheral_crime,violent_crime,0.65,,,
5eb7203b6fa8211ab0b77c3625aa529cb3ef8e19d195e55d3e5252e5854ec645,NBA postpones Timberwolves-Warriors game in Minneapolis after fatal shooting by federal officer,violent_crime|sports|local_news|gaming,peripheral_crime,violent_crime,0.65,,,
a7fc0d89d63ce30f1b138df1a4c01763c05ccd5b674f7d579a779b6c553bcb93,Shooting involving Border Patrol leaves 1 in critical condition near US-Mexico border,violent_crime|health|local_news,peripheral_crime,violent_crime,0.65,,,
d73eabe51868301617a135a00e36d59f416f629f891e0325c368a380acc569d7,City declares gender-based/intimate partner violence an epidemic,health_emergency|politics|local_news,peripheral_crime,violent_crime,0.50,,,
1dc01d11d1ec6f0395decd8e6fd940c0e246efea7e73dab3781f87fbeed88e8e,Police address intimate partner violence ‘epidemic’,local_news,peripheral_crime,violent_crime,0.50,,,
2e747661b44098691c4691978a342a2d19987976fcababcf73ec758e01a3f599,New US sanctions against Iran target interior minister over crackdown on protesters,politics|finance|home_garden,peripheral_crime,,0.50,,,
373c630cc26a259c980d4e11e2415a13714468c17d2d4c8490acb962c5f2c45a,‘Harmful consequences’ to Cecil Facer closure: Police board,politics|travel|lifestyle|real_estate|business|local_news|home_garden,not_crime,,0.00,,,
92ec517ecb6fd151846d7d08ab4ddcf46ea75646057372d3221fddf1d08fe8e5,"Geoffrey Morawetz, chief justice of Ontario's Superior Court, to retire in May",technology|criminal_justice,not_crime,,0.00,,,
d644420e7ba02ce5fc5aa5665344586334684f933d034edb8b9a6ada8e0f7556,Dutch court jails Eritrean man for 20 years over 'cruel' people smuggling,drug_crime|finance|criminal_justice,not_crime,,0.00,,,
8b0019d81209c095e7139ae4c0566c4e9aa9677502ee6faa2037c9a3c3a3b97c,Why not tiny homes instead of tents at Energy Court?,breaking_news|politics|lifestyle|real_estate|finance|environment|criminal_justice|local_news|home_garden,not_crime,,0.00,,,
0a869c96381fa850b35dbd360d25b361dba38b343aae98bee46dc64d446b6194,Montana’s Supreme Court dismisses misconduct case against the state’s attorney general,,not_crime,,0.00,,,
c2b299bf64e5366faefd0bf171f586a81f921dfee511214a70f0887d775afbef,NOW HIRING: Police Constables (New & Experienced Officers),travel|real_estate|local_news,not_crime,,0.00,,,
c16dc330dcf6a204c980bcc4b724399673554d9223587e2c94a38b9bd4d84a86,"Police push on downtown drug users will hike overdose risks, health officials say",local_news,not_crime,,0.00,,,
80d0b9a4f07ae508721c4e954056d5604b9a98604341f9f26f5ca8d0db67f9f1,Fan fight at Sudbury Arena wasn’t reported to police,violent_crime|local_news,not_crime,,0.00,,,
89c630f5bdcf7b7a7617b7b2bcfa9965eb1db6ec98a78af330a11bfbc26d70b2,Court,violent_crime|criminal_justice,not_crime,,0.00,,,
c683965eaef07f4ae2719ca688ac770f69849d83900c1c5b523fe904cdd2ee31,Delays expected in OPP online police record checks due to high demand,technology|gaming,not_crime,,0.00,,,
45110c6f03ca6d57453e23016a8a84d380e8f8de5760d61fa1062670753d48d3,Ontario's police watchdog not investigating alleged assault on lawyer at courthouse,criminal_justice,not_crime,,0.00,,,
b54aa484915a785e88662ece10987f972cf47bfdc88bbbd574d81d1f8e6e2ce7,"Increasing AI use in Canadian courtrooms carries risk of errors, penalties: lawyers",,not_crime,,0.00,,,
f802c01227593c31fa0d666aa9022a3a7eca4441c4503b42a1440200a3ca38b1,"Durham police make 64 arrests, lay 155 charges in retail theft crackdown",,not_crime,,0.00,,,
4af872b86282f1178cc44179372e0a14367ac31eccc6ef298671ca88b9c78066,Sudbury activist hosting event in Energy Court for homeless community,lifestyle|finance|environment|criminal_justice|local_news,not_crime,,0.00,,,
ecad2e9a7e2c7bd73a32b3f74526bb90ddaeaa2353363dcf39a4e5e1e2ac60b7,Police Beat,automotive|criminal_justice,not_crime,,0.00,,,
da5e4bdaebb144442aa3e51f02344e7d90be5fe423dffb1b26e7aa6ba5263e9a,"New Ontario online courts portal brings delays and 'snafus,' Toronto lawyers say",technology|criminal_justice|gaming,not_crime,,0.00,,,
1b1dac0002830dd5de379b370e7ab3ebf58ac8681e56cf32b0dd3307b2181884,"Police investigating after 10-year-old child found dead inside Barrie, Ont., home",,not_crime,,0.00,,,
c25f38956c8610cc0983b18b22925288f368531580cd6794d33c2a3883d0e436,Store security guard attacked by woman swinging shopping bag: Sault Police,,not_crime,,0.00,,,
07078bc1da098f2a7a73d007f652f30c04a8501a9bfb08d6f5e35c1c2d6ed6a3,Police catch man smoking pot in idling car,drug_crime|automotive|criminal_justice,not_crime,,0.00,,,
d7e3c393f846e148d84534f92f1c41c6c3d771de26d655bba3c9b055e3a39ca4,Ontario police bust fraudulent truck driving test scheme,automotive|business|criminal_justice|local_news|pets,not_crime,,0.00,,,
33c7104a4f4b3dfa2c02a137dcb4577c6dd3e40dc6f4400baf9986a1bc1252d3,Police use tracking system to locate stolen truck from North Bay,property_crime|real_estate|automotive|criminal_justice|local_news,not_crime,,0.00,,,
10c9a808d37aa5f37cac5acea06faf753ee6317e4279837cccde70758675701f,Sudbury police arrest teen after police cruiser rammed with stolen vehicle,crime,not_crime,,0.00,,,
87a615707a4955a1f40936be7a0a8b6ab45904b975dd473b6efe02b4eda925be,"New Ontario online courts portal brings delays and 'snafus,' Toronto lawyers say",technology|criminal_justice|gaming,not_crime,,0.00,,,
1fcde1a6ccccfcf8ffd458398598b107cc9b32cc5d6df62d3d099c769efb290d,Teen charged after hate-motivated incidents targeting Jewish community: York police,real_estate|local_news,not_crime,,0.00,,,
8618533fa4a0f20ac940600599c7e0999e70c0155ffd42c747adf1b5e06077e7,Top court orders new law licence assessment for man who sexually abused children,criminal_justice|gaming,not_crime,,0.00,,,
55726e3b3ad50fb63e882721738e093e9b1180215b7665045c327a2e35c28fc0,Ex-Olympic snowboarder pleads not guilty to running a drug smuggling ring,violent_crime|drug_crime|criminal_justice,not_crime,,0.00,,,
c118ec23bab317acaeaa37971a31e68e800b702c604ffb53469b09430d9ccbe3,"Police allege Northern Ontario woman stole, and returned, school bus",crime,not_crime,,0.00,,,
a2a21ff3f93f864e8a83395b1c378eaf11ddbeb400fe041f2004fee2a1b4c5fe,Man escapes Toronto jail by impersonating another inmate set for release: police,,not_crime,,0.00,,,
27af75b51de5cba83ee99ff3312221dc46ca057063e160287b203145a2394cc8,"Kathleen Street incident sees three arrested, hospitalized with lacerations",health|criminal_justice,not_crime,,0.00,,,
a9b20cfbbe0b0bb3e595fb0c7b13f97192bef4a879e15763976268114e7f47a4,"Geoffrey Morawetz, chief justice of Ontario's Superior Court, to retire in May",technology|criminal_justice,not_crime,,0.00,,,
566926b2f7b37b2d779e71c968e5da1dbf53ee19d83fbb0d434c43fbfa054b6f,Police: People seen fleeing old Paris Street hospital just before fire,local_news,not_crime,,0.00,,,
a1e202972cef614e30d0256778d54d52f2586952c075d9feb1ea137563d1265b,Toronto police investigating after second incident of mezuzahs stolen,,not_crime,,0.00,,,
22bf06d8b76bef35273e61f605001e5bafa916d897732faada34cbb3a3a54070,Open drug use drops during month-long GSPS crackdown,local_news,not_crime,,0.00,,,
d340ef5a04477c8017cad027c8b83009d23961d770e41408ab78cdb4e1da7f9e,Police Beat,violent_crime|drug_crime|property_crime|real_estate|criminal_justice|local_news,not_crime,,0.00,,,
5701a74aefce5782a0f782242ef8519383c740654472112427f0e47d924fc11b,Man escapes Toronto jail by impersonating another inmate set for release: police,,not_crime,,0.00,,,
a685af92b6d7598118ab7deb7918d45966864453f8fdc456b04d704af0bbd6aa,New $170M+ police HQ could move GSPS out of downtown,automotive|science|local_news,not_crime,,0.00,,,
39265fc272d55489a47bda76f43cd6d32c5983c097e937c5846aa88cd829b4c2,Police Beat,,not_crime,,0.00,,,
6a389310735b11d6baa38a4f0bb2b0578e680c91e2148e19aa8a80ae291dc0ed,Police Beat,breaking_news|violent_crime|real_estate|automotive,not_crime,,0.00,,,
8865e0e79de28a8a003e9e1ee7e5ac19ee8432fce2c0f3600cdc6c9f7dba0803,Toronto Police seek help identifying man with Manitoulin Island roots,lifestyle|criminal_justice|local_news,not_crime,,0.00,,,
eaeca60d03be7ed63a53f5810f5ebe8ca6b027a812448c75c1e7f0fd7d77cab4,"School closed in Blind River, Ont., after dead person found on property: police",real_estate|education|local_news,not_crime,,0.00,,,
2bd3c0055a6f43b51333788530bbe6ca3c105a19f9944102b049c50b3e37f4e9,Hours-long police standoff in southern Ontario leads to arrest of 39-year-old man,,not_crime,,0.00,,,
f9399531fa49159a75d59b2732c8afddc99c8fd6d7cca1a591341baf9fc2316e,"School closed in Blind River, Ont., after dead person found on property: police",real_estate|education|local_news,not_crime,,0.00,,,
8d523e74ef1dad78c592b4a77bc0269d0e244c16072f08f9954cdf4fe41bd9e7,Ex-Olympic snowboarder pleads not guilty to running a drug smuggling ring,violent_crime|drug_crime|lifestyle|real_estate|criminal_justice|home_garden,not_crime,,0.00,,,
ee0b9d2301afb848e85225b98c07d885bc43382c1c71d56a2b99f2a312273365,Police Beat,automotive|local_news,not_crime,,0.00,,,
dcbac3ba67ec99e4777e149cf62ddfd6eb44428f10387a4369da22bfe2ab5a31,"Police investigating after 10-year-old child found dead inside Barrie, Ont., home",,not_crime,,0.00,,,
76128ba971ca599c05543623c34ec0074ac41da8827344f7991c9d4b2cd5e90c,Police arrest 79-year-old after standoff in Larder Lake Township,automotive|criminal_justice|local_news,not_crime,,0.00,,,
74fb5db090cd314ee8744847a06f128bda6e8ecfc671b0e082f9b19eba14bc50,Toronto police investigating after second incident of mezuzahs stolen,,not_crime,,0.00,,,
b0c2b992cbe127eab21f0e14735b3345422bc8148f7defff56dc52fb2798ad7e,Sudbury outreach workers: ‘Mayhem’ will reign in Energy Court,local_news,not_crime,,0.00,,,
6a26232bdda3f9cc28ec22bb53f254dad9cbece9b97cb37441b34befe6db7166,‘Crisis mode’ spurred use of Energy Court for the homeless,politics|real_estate|environment|criminal_justice|local_news|shopping|recreation,not_crime,,0.00,,,
d6289c0a7868a1912feb3d6da53733abe9150830fe8efeac58da6ebc708a83c4,Judge orders ICE chief to appear in court or risk contempt over denial of due process,real_estate|entertainment|criminal_justice|local_news|home_garden,not_crime,,0.00,,,
0078b1df55ce84a9640b7faeb435e1d82747ba5a46c8791c5c223e7a4bf442c6,City Police Beat,violent_crime|drug_crime|property_crime|automotive|criminal_justice|local_news,not_crime,,0.00,,,
14a44349d3d62e64232d026068ab64b0c5d4ffa605047af33f16b02d5dda3b55,"New Ontario online courts portal brings delays and 'snafus,' Toronto lawyers say",technology|criminal_justice|gaming,not_crime,,0.00,,,
0be8440bd3544c4754924339b778bb5f6224e78780dfb3701b878146a8710447,Ex-Olympic snowboarder pleads not guilty to running a drug smuggling ring,violent_crime|drug_crime|lifestyle|real_estate|criminal_justice|home_garden,not_crime,,0.00,,,
906ba228751861c5586540985e8413ee2a235b7df971eb9470f3ab126d21c5fa,Four arrested after police standoff over weapons complaint Jan. 2,drug_crime|criminal_justice,not_crime,,0.00,,,
ed94d3ae6a90b28e4a69a5c5ba6df9176b429f9283aa49921ee1369c04924ef9,"GSPS holiday RIDE campaign nets three arrests, one fail to stop",drug_crime|automotive|criminal_justice,not_crime,,0.00,,,
ca5651cc856d0bd5f0cb00f8a0be806dc436210c312475de373fb2582b3fd6c9,Liberals agree to hit pause on hate crimes bill and prioritize tougher bail bill,politics,not_crime,,0.00,,,
02c90075b4301c824e59fb799e9a76b5f08d362217003bc838e47c476be9a822,Man who escaped Toronto jail by posing as another inmate has been arrested,criminal_justice,not_crime,,0.00,,,
7374b47e21933f4afc957610c5a6bc30432a062072b2692fc37b1a2d068de407,Hours-long police standoff in southern Ontario leads to arrest of 39-year-old man,,not_crime,,0.00,,,
872f540063b168ade6da68a12e99ae362dda6360708ad456f48644f933e48de9,Court,violent_crime|drug_crime|criminal_justice,not_crime,,0.00,,,
6cb6c2c53667e258f36b5b1447459280a4ddd03e6680dc1858fb29c7e9995481,"Provincial police investigate after man, woman found dead in Manawan, Que.",,not_crime,,0.00,,,
4d1830709d8552148aae13f32c4717d0871ca21ac7d184cbf6485f0e2df17112,Montana’s Supreme Court dismisses misconduct case against the state’s attorney general,,not_crime,,0.00,,,
0bdec4958d30126c6c119a678f16bc4c9817986c678406e226e34d046e80dc10,Police Beat,drug_crime|automotive,not_crime,,0.00,,,
6cd7b20d91cdd578b0e2a81efdc9964beecad2dbdfd53085175970d90ef98db8,Police provide update to Sturgeon Falls crash that left Sudbury woman dead,breaking_news|automotive|health,not_crime,,0.00,,,
6b0e4211d2cce8ed79e474533b8c969db97f3031a55925be5398d1529431261b,SUV driver arrested for alcohol impairment at North Bay RIDE checkpoint,local_news,not_crime,,0.00,,,
3ff55c784e95b940ca3527d9016022e0aee36f0192781e261aaa4147f2b57e02,Sudbury police intercept GTA fentanyl traffickers on Hwy. 69,drug_crime|automotive|criminal_justice|local_news,not_crime,,0.00,,,
c587e9fead5ac504bb63e0a3319c2ac93783c5e0c7723f1a50eae2279b812402,No possession arrests without 'extenuating circumstances': head of B.C. police chiefs,drug_crime|criminal_justice|local_news,not_crime,,0.00,,,
4c6f07272b8cbdddaf4f87dc3b1ecbb6cddcde249302655756504730e34545da,Chief Justice says Constitution remains 'firm and unshaken' with major Supreme Court rulings ahead,,not_crime,,0.00,,,
5584faedfdae12b61e77c6b61adfb8b75e9e7bc0a89bc6eced226549803efcda,"Durham police make 64 arrests, lay 155 charges in retail theft crackdown",,not_crime,,0.00,,,
0fe3f7d9c1dca7bd076be4f74ac8dcf6f80897353d527b664da7f363aeb0360f,Area residents concerned for Energy Court denizens’ safety,local_news,not_crime,,0.00,,,
dd2e3fad6f59fff1d92efdc491019a2bda8437cb3c2854689bb9f9a1b79ca85d,Top court orders new law licence assessment for man who sexually abused children,criminal_justice|gaming,not_crime,,0.00,,,
b8bd0debf00ebea3731063e2fd58a224d007448651ff6d631d4bc8e3a941e483,US carries out first known strike on alleged drug boat since Maduro's capture,drug_crime,not_crime,,0.00,,,
939e9e09c3d19be3042f325fcd69bbd954f7e69973e1328a5c45d49e243662ff,"Drunk, erratic driver had open booze inside vehicle, police say",,not_crime,,0.00,,,
c9ba742a9e74debbd1bf006b9f3af73c36122f59d6d427885e0de8449ad5368d,Police Beat,,not_crime,,0.00,,,
1f51fc97ee3681dabdc8b9eac23d68e37f9de05035e3cd0cd033d63390dc8263,NOW HIRING: Police Constables (New & Experienced Officers),travel|real_estate|local_news,not_crime,,0.00,,,
b898805e6d3c6a59efd60fc0910fa5a04ff90b6dab1130c75c1213cc672f7fac,Maduro says 'I was captured' as he pleads not guilty to drug trafficking charges,violent_crime|drug_crime|real_estate|criminal_justice|local_news|home_garden,not_crime,,0.00,,,
b794eb3cdf3f8a5d978b005c84f6c2d5550d39360e54616ecea694115c878ae9,‘I thought he was trying to kill me’: Trial begins for crime spree that shocked city,violent_crime|automotive|health|criminal_justice|local_news|shopping,not_crime,,0.00,,,
40b8741f67c93569dfa19b3567efaa503afbcf6be690a1c786861e625ead9c8e,Police Beat,,not_crime,,0.00,,,
2c84ebe7b02b298257dde837faf39704b2875c41ad8739c0e8f33fba3175bc4b,Judge orders ICE chief to appear in court or risk contempt over denial of due process,real_estate|entertainment|criminal_justice|local_news|home_garden,not_crime,,0.00,,,
70098ad482848c06575cd30e827d579a29916a22b7034bff912e7af63154e8b5,"MPPs, John Howard Society, back police board push to keep Cecil Facer open",lifestyle|business|criminal_justice|local_news,not_crime,,0.00,,,
4fa9bd513b5450ba80ba9e39065feeffa34c9852b55ecb4edde6c93c64a45e1f,Ex-Olympic snowboarder pleads not guilty to running a drug smuggling ring,violent_crime|drug_crime|criminal_justice,not_crime,,0.00,,,
a22e1fcb0dcc1113b6c0121790255a7cfedee41cf13ff4932604b5419559125e,North Bay man arrested after firearm threat,real_estate|criminal_justice|local_news,not_crime,,0.00,,,
71deda6ff5df1460f397cc9aead5dd89d8925be0341befde0f467be729d7fd38,Ottawa wins Federal Court appeal allowing single-use plastics ban to stand,politics|environment|criminal_justice,not_crime,,0.00,,,
8d6a5322a1b16ca398d6e64593fe23421e204402e10753e96d0a5d0bd8ba0f58,"Provincial police investigate after man, woman found dead in Manawan, Que.",local_news,not_crime,,0.00,,,
f3f3b6f486175efe71070fdaa678182d446552612c7f29f95e75564bc6a2c88c,The Nishnawbe-Aski Police Service,lifestyle|local_news,not_crime,,0.00,,,
de24ed4f1b7b098ce6e17fd04b2cc00f407d0b1ad6ecb6382cac6c8f7c060332,GSPS officers cleared for Chelmsford arrest that broke man’s nose,violent_crime|criminal_justice,not_crime,,0.00,,,
c31b97f8d8e1ce6b6db9f044d92884d0cad4cee984c5d70afc3c629bd140132e,Chief Justice says Constitution remains 'firm and unshaken' with major Supreme Court rulings ahead,,not_crime,,0.00,,,
d9c4d50f0f5ae920525e61697c8c71b4c74a27b6c4d31620485a86a857f6088b,Police Beat,,not_crime,,0.00,,,
42e0cc4b32e6762731e273cb9e9c3eea2d14d5707f64856f56df5cf06b0bbebe,Maduro says 'I was captured' as he pleads not guilty to drug trafficking charges,violent_crime|drug_crime|real_estate|criminal_justice|local_news|home_garden,not_crime,,0.00,,,
a1dd6b7e1201f80b2915509d3df1a0b2c87d8294068c3ecd4c80050600883230,Police Beat,violent_crime|drug_crime|automotive|health|criminal_justice|local_news,not_crime,,0.00,,,
9c910c9953bb7d70012b43d05e144ab0547a0521200ae111c1a09424bbb26bc1,Dutch court jails Eritrean man for 20 years over 'cruel' people smuggling,drug_crime|finance|criminal_justice,not_crime,,0.00,,,
fea0d765a3a8edb901dd8fffb6e4f2dfa2bd764238c42bd588f4cdd1a47a6b54,Year in review: The high crimes of 2025,violent_crime|drug_crime|lifestyle|real_estate|automotive|health|criminal_justice|local_news|home_garden,not_crime,,0.00,,,
9f926bab0bc0f09267a9693e593aa5f2d206573e3336cc30ccd1594f6d1a5af9,Toronto police probing Christmas Eve storefront collision that left one dead,,not_crime,,0.00,,,
a689167d7970b321b2320f07322b4bca793eb3600b5ec4f2850e13fbd4db8833,"Nearly 1,000 people checked during Lake Nipissing enforcement blitz",automotive,not_crime,,0.00,,,
f068c593e8da02d63c4e35107201cbe73ea1cb89b6116e27f6f03491e4090896,Carney says Canadian oil will be competitive after Maduro's ouster,politics,not_crime,,0.00,,,
15856551f9b05385d927805f73a805525adac29bb8662523e88b650b68d77242,Highway 17 closed east of the city due to collision,,not_crime,,0.00,,,
f5fb8dd856639021a8788965526a853d75f78c11f0c34dfa45989474fbd20a47,Report a Typo or Mistake,,not_crime,,0.00,,,
24cba353cb9a4cdf184f00e230b84cbdbebc478b412363686ba569b533f53ff7,Latest batch of city buses cost $970K apiece,breaking_news|automotive|local_news|shopping,not_crime,,0.00,,,
804fbe669269f0d92895528d252c2facb76c0cc71d0637642813b3a61bdd4fd9,Register for a SooToday.com account,,not_crime,,0.00,,,
c2ddbe705275f5490ddd8157305fa487c56a485f16e2441f12f0f9b270165d48,Sudbury    Gold Mine: local deals & promotions,lifestyle|real_estate|local_news|home_garden,not_crime,,0.00,,,
419f99c4c2f0655de975915d7f16b5d0f8ae2448e553b369eb2f220d864aecb2,Sign In,,not_crime,,0.00,,,
c270477a2eb970bac9f21f638e20760268932a8acf6da5e77be5536f5b103805,Miami derrota 24-14 a los campeones defensores Ohio State en el Cotton Bowl y avanza a semifinales,,not_crime,,0.00,,,
f98129c8b5c8ae23e8be473e8e104ae0d43b4651d9f58e044e70f35213b3c6d2,Local Sports,sports|local_news|gaming,not_crime,,0.00,,,
722dd515c8d7404de0ece1ea69adb46a549679f1b7ff376b150cb59fa77cc9b3,"Canada's recent dealings with China 'entirely consistent"" with CUSMA, Carney says",politics|real_estate|business|home_garden,not_crime,,0.00,,,
26caf1635105ec8087a4984f6c667a23dfc5756d3f65a2056d61ac333d939342,The Pink Syringe,,not_crime,,0.00,,,
bfedc29480cd5bdd95f767a0f6ad2d6a5ebf28a63ecb1960e2ccbd3863a1378a,Sign In,,not_crime,,0.00,,,
1fc3d3f4938fad3fcefef0eb2c1ee798458ba9ee0586b4fc2dbf56c74aba932b,Report a Typo or Mistake,,not_crime,,0.00,,,
ea5ac967abef9376e0d2312010da9de55db7be67e0a60089f7b52b3df7afafb4,Hard Wok Combo - Our Most Popular takeout Dish!,finance,not_crime,,0.00,,,
effccd99a954209bdb8d7c29fce7de9426676e42a5682fa0258c95b6990ee9bc,Need compassionate support for funeral planning or memorial services?,real_estate,not_crime,,0.00,,,
c408610648826888c07f18071ebb27aa4c0bf66facfbec53bbe73d5686d5e040,"Wolves sign new player, trade away Villeneuve and Pharand",sports|gaming,not_crime,,0.00,,,
c40f00c33263128754ca36e39714d27486bbac5e67a3196f4e127dd48f3634f2,A Healthy Aging Fair in Sudbury to mark Senior Citizens Day,lifestyle|health|local_news,not_crime,,0.00,,,
3344bba85e41a28f5348f5b763a64d80d236d343513051ee0bd886eacf609197,Apply for Verified Commenter Status,,not_crime,,0.00,,,
a7d41ee6417ce83c80effcac3a6b1f9cdf1373964186bba2a7a86df5b73764c2,Sign In,,not_crime,,0.00,,,
e0a6da59c8a2451b290cc7c24e96e967437c49c908fc72e2c1b7b691ce99c4c3,City-owned downtown land ‘attracting interest from developers’,politics|finance|local_news,not_crime,,0.00,,,
b1c2cecc75f99c7f950d5e36bbd32d869f81f9865da0241253ee9f8c0c24fd0f,Bitter cold expected to linger through Saturday morning,environment|weather,not_crime,,0.00,,,
303adca8b628d76b81dcbcdf7a62dd6d0c87c4d40cb7815017bdaa3e25b910b8,Buy any size MARGARITA pizza and get 3 fREE TOPPINGS,,not_crime,,0.00,,,
8a3dad3eff24d49b4063b2b668932191ec3eeaa70082596069eeb5dab9319afb,Hearing into Myles Gray's beating death halted for 4 weeks over obscenity resignation,violent_crime|criminal_justice,not_crime,,0.00,,,
caa36d8130d1c4a2bbec36ea7a0fbb2729d42b5562b95213c5d7ab182f9295b8,Sudbury    Gold Mine: local deals & promotions,lifestyle|real_estate|health|local_news|home_garden|shopping,not_crime,,0.00,,,
c7888754e5da013184827c2f6965750da91cbe8bbbef306bd7cddd0cafd44154,Sr. Digital Business Analyst,sports|lifestyle|real_estate|finance|business|technology|science|education|gaming,not_crime,,0.00,,,
c5bb7abe5e5bf43acff3a2fd106d16ce8bf52d5a2ac3e6be95a6359e97038a12,"Nouvelon board office staff donates $7,500 to five Sudbury charities",food|finance|local_news,not_crime,,0.00,,,
887742a29a2c22591661439b2e7f2296e245760efd198315ec57a5ec4e16fca7,Report a Typo or Mistake,,not_crime,,0.00,,,
9b4bddd7addc0a24e943229c3cfbb9a97957b42e9dff4aaa0295e1b5c04703da,FINANCING AVAILABLE For Hot Tubs from your local experts!,finance|local_news,not_crime,,0.00,,,
8bf5738531b6fac80481e8abac3d83395e58639177ed3771c4178880bf280634,Sign In,,not_crime,,0.00,,,
57b169e8e08135c5a25159c9054062f3779bee6b00f417450b603600845ce510,Old arena coming down unless a private party steps forward,politics|finance|automotive|local_news,not_crime,,0.00,,,
24f34da345a7f9b9d2bbcdf092565640bd594febad72e7178541b627535e6d3b,What’s on where: Things to do in Sudbury,lifestyle|environment|arts|technology|entertainment|local_news|home_garden|gaming|shopping|recreation,not_crime,,0.00,,,
373beb4e56cf5bb5ea91a64424f10a34d16053e11173cb28c43307019b028fad,Sweetened,shopping,not_crime,,0.00,,,
efef5af79a6b63d1fd41dbf362791e25b565c8bfd99d49bd35da8c7d29728fac,Photos: Holidays kick off at Tom Davies Square with tree-lighting,sports|politics|lifestyle|local_news|home_garden,not_crime,,0.00,,,
04100b09829e433452f3e5593e441f535fc5ec6baad51b694dd6ed576d54e8ac,Reset Your Password,,not_crime,,0.00,,,
535649c52c230137bf8bd7e8197597b2f8619b6ba2c54c410a892097cf07bdc8,"Everything You Need, All in One Place",real_estate|recreation,not_crime,,0.00,,,
f5560571997228e114e2aee26e6946d08085f6741874617d7be9cb6f62b77feb,Adam Baldwin - Fundraising Concert in support of Raven's Flight    $40.00,travel|entertainment|local_news,not_crime,,0.00,,,
823d864dac5a51c9f94ce400f7a414ac15d637e945af96726a3e1e937e9d008c,"Second Degree Reiki Course at The Healing Loft - February 2, 9, 23 & March 2, 2026",lifestyle|real_estate|environment|health|education,not_crime,,0.00,,,
fd938a1d101e3c89c9df9c8c4a029a166ce486f1f5cc38560d5eed3612a135d0,Sign In,,not_crime,,0.00,,,
4c023fe445d0390392c5cc7d67ee65486e6d556b4e7d1919963c73be844974ad,Unable to get approved through the bank? You still have other options,finance,not_crime,,0.00,,,
357764625ecfb6aaabaea40399be790d587267f35364846cef099b0c3bc89014,Another outdoor skating rink is open for the winter,local_news,not_crime,,0.00,,,
52f0031cc4e6c724b9af81696a5e728d56ae654c666b93c6d492486c33a2434a,Video: Sudbury.com editor learns to drive a school bus!,automotive|education|local_news,not_crime,,0.00,,,
d16ef2da9450dea439305bb56bec288a8ea16255725ef6f78425cd72d9fe08a8,Get a FREE Sudbury.com+ member account,local_news,not_crime,,0.00,,,
6c464c542c8d528d36cc9fa74c78dbe5fba3b7453940b119495d64d051266b9f,"Carney, Zelenskyy speak as Ukrainian president prepares for peace talks in Florida",,not_crime,,0.00,,,
3bf6dd8c6362d109ffc13674e47b6ffc2b8e5a70543302b02246b2eb7de2e9c2,Register for a SooToday.com account,,not_crime,,0.00,,,
b4055debfd7eed81c6563a2518a1215dda7c9b670f44241a34348a9cd898a85c,Sign in to your free Sudbury.com+ Account,finance,not_crime,,0.00,,,
f06bf73e7f5f1a9bb3d8c725134436942e9b7898a0bb7519b1397747460702fd,Register for a SooToday.com account,,not_crime,,0.00,,,
dfd395f4bd67ba8f8a83fe730bf6f494543a5f5ada61d1bfc799c6c933d14805,Prime,lifestyle|real_estate|health|entertainment|education|local_news|home_garden|recreation,not_crime,,0.00,,,
584e727478df473bb009f0c8bc0cc6bc850fa3fa436bd0270f0306730de4050c,Reset Your Password,real_estate|finance,not_crime,,0.00,,,
5d475240aadd383d5510b31026ba663add8dde2772f3758d487cc63ca1148005,Reset Your Password,,not_crime,,0.00,,,
0de8ef4a7162d2d13cdbb0f5d9addb2f8cf91fc8765155aa906f1f44db96824e,World News,drug_crime|weather,not_crime,,0.00,,,
267fdbb4be494242fbd54f9c38ecf47700f7d537dd80ee3e0d409ce52339fdc1,Robert McCarthy,sports,not_crime,,0.00,,,
3be208842fe705aad6715d510dbc6b8e08143a598f6df5d54d8528016915f088,Register for a SooToday.com account,,not_crime,,0.00,,,
b981529e8c6b9cee28a7cc8a699aec059fb92959d5a996ec93797f4e994d5211,Picture perfect start for U18 AAA Trappers at Christmas break,sports,not_crime,,0.00,,,
49c9c8594ba506d2b0ef3dae47a1b7bd1824560aa7e82155788805a3db505d8a,Reset Your Password,real_estate|finance,not_crime,,0.00,,,
04f62a0bce0b04e02b66ad6c83b0e3eef8bd4e181704abf720ae016c7c197ece,Sign In,,not_crime,,0.00,,,
89d3f3c16495e64996fd2270a1b20d47d31a869e2144c7f98b21d527d48cca72,"REPLAY: On the 11th day of Christmas, we deliver some holiday magic to a resilient community angel",,not_crime,,0.00,,,
0400a1db7784fa62b1ba2d673eea72069a11634516fcd6f057f9100001357733,Mortgage Advice and Support with Leo Kment;  Phone or text: 705 542 9223,real_estate|finance,not_crime,,0.00,,,
60281290ad6ac436503ec7dfd56e6a0143be47e1dfb85eca75f02b5ed59e1a1e,Prime: Retirement let Mawhiney write her own story,health_emergency|finance|technology|education|local_news|recreation,not_crime,,0.00,,,
05dd2f4b80207a9fef8fd17ac5f498da258d920c8f2db5d4d024fe26f986ebc7,Report a Typo or Mistake,,not_crime,,0.00,,,
c1f7ae1db9cbf8c026fcb0bb0fa0f7f4ba0357376d3eac76f97ecfe6f3e0125e,Anastasia Rioux,food|local_news,not_crime,,0.00,,,
8658f9f3ccbda1f30b29159ecc000d16f13d4a8370a881d920eb0764526207c1,New study wants to know: how do we best support mine rescue workers?,science|education|local_news|pets,not_crime,,0.00,,,
c7539d44b46ff2a54e6426b0a1ac0f9e6b7fea98f0bd774b70c425a22fcf64b0,Two Sudbury drivers each stopped for stunt driving within minutes of each other,automotive,not_crime,,0.00,,,
269ee20eeeb7c323c7dac1526ddc58652b803ae9c3b9d8d614ccb4fc3444bcec,Local News,local_news,not_crime,,0.00,,,
67629fac1d029b9bcd4fb4b648261801a2396b2ce2f8b328aae018ef5a4afaee,Michael Kovrig says Carney must defend values while seeking trade in China visit,politics|business|criminal_justice,not_crime,,0.00,,,
b3017fa686a5c0fec6c9b51a6059948f0f391dfe1bd56f4e6211ce7e2b5723e3,Alice in Wonderland Jr. marks milestone for Dreamcoat Fantasy Theatre,travel|local_news,not_crime,,0.00,,,
ea1bc1dfdf364b83f4c8332c6b81ad26cc4cb59743988badd50dc95e01f5f57d,Report a Typo or Mistake,,not_crime,,0.00,,,
a00a0f06fee3f3acfb181a91244f779514faca7d3ddee9b92696f9d203eae7d0,Home Instead Senior Care (Sudbury),lifestyle|real_estate|home_garden,not_crime,,0.00,,,
2f6598ae30dbb0b62f0ad6b2126dfb74414ad8b7cf6680e0c838481e8f2e821a,Ford vows to remove Crown Royal from LCBO to protest plant closure,home_garden,not_crime,,0.00,,,
0e03f0970ffbd7c7cfb8de722dfb6b93056052ecc6529b580bc0d053de2b9174,Register for a SooToday.com account,,not_crime,,0.00,,,
d7a7c478c8ca616cc9a8e0c6468e358cdb5382fa825d0ff81a17250eafd63c95,Sign In,,not_crime,,0.00,,,
26653cab257d1a21a32fa1c48a258d5897da2e0aac1a0807d35ff56819a99c89,Sign in to your BayToday+ Account,finance,not_crime,,0.00,,,
b2db07c1cffb250189c49085b7b50fb3207e1091d6aea70ea329e569f9262e97,Reset Your Password,real_estate|finance,not_crime,,0.00,,,
9aa979e42accf6cbd98d86837619f6319f2d6735b5ca434f15dc21db41a7f171,Walden to host Ontario Youth Championships in February,local_news,not_crime,,0.00,,,
bafed3ac7dbdeaf170cd7c289e401b9f527f1b73bbac64037de9bfda8bc409e5,"Sault Ste. Marie    Science, Technology, Engineering",sports|environment|business|technology|education|gaming,not_crime,,0.00,,,
e6b0b0b78b99b2af1e54e8a097a32155bed54c42fd45d3934ce7d2bf474e86de,Roberto ferrucci,,not_crime,,0.00,,,
c743d1e693c1e1ffa26d8e924030d48ad9749ea1639f3177ec7c2b9f9804eb71,Local Sports,local_news,not_crime,,0.00,,,
398542bf6bf20ef217e87c551b5d9593e118ac5c8c460012916c80d47f960db3,Carney says Holocaust Remembrance Day a time to remember Canadian complicity,politics,not_crime,,0.00,,,
096e48a72908d72861f17e2a8555ffc5d307068be639cb1a922ca0a5ff3b2e95,Kelly Lake Building Supplies,,not_crime,,0.00,,,
7af1fab52470191143a44bf820063cfbc67f4282a2c9fb57bdd63a7c932ac7e7,City council OKs $65M library/art gallery project,politics|local_news,not_crime,,0.00,,,
af6d2405419b8d84a742927893098fbf58985bc88d7add743c2e6ce43b43829f,Report a Typo or Mistake,,not_crime,,0.00,,,
16e3a09551a149f5bd385c4e3b558ae17a765bcc924a55c4d51282ba54227623,New Zealand's Auckland kicks off 2026 celebrations with fireworks,local_news,not_crime,,0.00,,,
bc54c2c040a494695e7dedff8d187c3333510f1c68e0a8ee82ce463bd077ffb1,Report a Typo or Mistake,,not_crime,,0.00,,,
471c8a6e34a7e73259ff45d0bc0511c04767eccbb77bb193e3f6f9db01346f18,A Fun/Exciting Birthday Party Idea,,not_crime,,0.00,,,
478517236bc3cfd1ee839fa53ae3b8bf379095f0f87de3e0185e05684153f124,Submit a News Tip,local_news,not_crime,,0.00,,,
511418486ff144c12e56e6ae1bdd8d3e23d35dacc8f61c7fc106bbf37c65e97d,"After firing the last one, city hires new integrity commissioner",local_news,not_crime,,0.00,,,
0997bf0663f2e1a6901251287135b311a7f4a527f02715089b974e540aa54431,Local News,,not_crime,,0.00,,,
8110d40050d9e2daa6a5300227015a61d6993cd8ab23b38a999aad23852ddc85,World News,,not_crime,,0.00,,,
6e3e5a78e45a55082662d0737d9723fab28c0ddc5ff74c154db0e4be5b28530d,Get a FREE Sudbury.com+ member account,,not_crime,,0.00,,,
557a87716b14456a76e6d3d224a1f2e691d347953eacbb1b2805b12e01e2171b,Tym Morrison Live @ Misty's Fifties,breaking_news|real_estate,not_crime,,0.00,,,
4f9561251885e23732c09e69662b1fa7f72c4fab8549d91b49b24d0cd56ff4ad,Algoma Steel signs agreement with South Korean sub builder for $345M,real_estate|environment|business,not_crime,,0.00,,,
09891bbf964da5a0fbfabd251d0755fb0f96b0c349f7d02b4a2cff0e42071594,Canada sending Coast Guard vessel to Greenland for opening of new consulate: Anand,politics,not_crime,,0.00,,,
4b4328290429874b22b56231194b37bc24e28a664bc15bdf70f57c6c9b482220,Local News,local_news,not_crime,,0.00,,,
85014ade1a4126059f35f850567888310e153c53d5e64f089e629c83f562ba49,Report a Typo or Mistake,,not_crime,,0.00,,,
7334dfed00db8e4f849a2ea4c48f2aea93c417188da283563b3b133521e72fd9,Reset Your Password,,not_crime,,0.00,,,
68f0fa62fa0e75e1f25033605f83b3b4812ebed2aa71929e3da10b7e45c51f6e,"Sault Ste. Marie    Transportation, Distribution & Logistics",home_garden,not_crime,,0.00,,,
61e78d82ae4509e2b45532f71f702a0f5c54c45643e5de705ac6120720b0f35c,Get a FREE Sudbury.com+ member account,local_news,not_crime,,0.00,,,
70eae0bef97e91bad453e9157968b76e7e7121a368520d840cd4b15d51ccc28a,Sign In,,not_crime,,0.00,,,
5f0b7f713cd201b54898ab28404bf92e5c837e4bbf841bd1454fe7c208bc686e,Local Entertainment,entertainment|local_news,not_crime,,0.00,,,
3eac6b0620c8a617be5649e9b3430e395e0ed29ff0cc09e93900854ecd045e49,Wellwise Home Health & Wellness,lifestyle|real_estate|health|local_news|home_garden,not_crime,,0.00,,,
f85bde6e175ce4bea4d0d4efd01860375ea2e6efd49b10fbd6285b3773b6e329,More Local,education|local_news,not_crime,,0.00,,,
7929b2d404b646e3f880336f34a45f2797a64e338546b4ee9a475a0a033b486b,Live Blog: Soo Greyhounds vs. Saginaw Spirit,,not_crime,,0.00,,,
057e88bb3c8d1371796cb61bf77e9bc98abcd87046f220fa3093902e4af90bcd,Group of U.S. distillers complains N.S. and other provinces favouring local alcohol,,not_crime,,0.00,,,
ce1ee2f6110cd5405f9c4fa5f3f97e1e19f668e12dde3e3afb3634436e0f9630,Report a Typo or Mistake,,not_crime,,0.00,,,
16a49aa7dbfd14440e459287c2678b3d902e4ea90005604d359d6c9f5d219543,Delta Hotels by Marriott Sault Ste. Marie Waterfront,travel|food|local_news|home_garden,not_crime,,0.00,,,
f8baecebe10373b749196034e5f125d7964f5b047198ea417cf40d5f36e30fe0,Report a Classified Ad,,not_crime,,0.00,,,
622401bafda9440fd60caafe99f8614ffbd17b689106cc0cb8628e23b98c7451,Driver faces consequences going 95 km/h in a 40 km/h zone,automotive|criminal_justice|local_news,not_crime,,0.00,,,
8d570e38897c5bdc6e5fbbfbb89396ab314ab6f682cd91b71d345b1ca438f6cd,"Sudbury.com CaresCultivating kindness and change in Sudbury, one act at a time.",finance|local_news,not_crime,,0.00,,,
7773e2b52120c33682946fcc25914d3bbfff3d167452064ce685b8486ca4acb9,Callander strikes new deal with Merrick Landfill,local_news,not_crime,,0.00,,,
78e71ed003c877b170f259b20a1c167acd128b3e5ddebf67d9638af07848a117,Video: Demolition of Wacky Wings building begins,real_estate|local_news,not_crime,,0.00,,,
13a4ac5550b153e2612cd4d8088f605352d6965ad2d2d61d756116a7c69870f7,Review Board refuses Sudbury request for higher value assessments of local mining properties,real_estate|automotive|business|local_news|shopping,not_crime,,0.00,,,
a2ea633eae3f633eec3658c48c6f53a91a0a9cbecb6379cbb16ac10d3992fada,Register for a SooToday.com account,,not_crime,,0.00,,,
53801128ba5c7e72ce3fc51e185133f787a0da4a76b311f9770726909b730e61,The Smash Cabin! Sault Ste Maries Stress Relief!,,not_crime,,0.00,,,
e61ad835e3e3f07744a3b9c6d1bf8de69fd9bae5206257ed26989a2849d79e5c,OLG,,not_crime,,0.00,,,
2d29092446cef1c357f3aaf85db383ad9bf13e666ab5e0ae581facdafed35197,Local deals & promotions to your inbox.,local_news|shopping,not_crime,,0.00,,,
